{"modelTopology":{"training_config":{"metrics":["accuracy"],"loss":"binary_crossentropy","optimizer_config":{"class_name":"Adam","config":{"beta_1":0.8999999761581421,"beta_2":0.9990000128746033,"decay":0,"epsilon":1e-7,"amsgrad":false,"lr":0.0010000000474974513}},"sample_weight_mode":null,"loss_weights":null},"keras_version":"2.1.4","model_config":{"class_name":"Sequential","config":[{"class_name":"Embedding","config":{"embeddings_initializer":{"class_name":"RandomUniform","config":{"maxval":0.05,"seed":null,"minval":-0.05}},"name":"embedding_1","dtype":"float32","output_dim":128,"trainable":true,"embeddings_regularizer":null,"input_dim":20000,"mask_zero":false,"embeddings_constraint":null,"batch_input_shape":[null,null],"activity_regularizer":null,"input_length":null}},{"class_name":"Dropout","config":{"rate":0.2,"noise_shape":null,"trainable":true,"seed":null,"name":"dropout_1"}},{"class_name":"Conv1D","config":{"kernel_initializer":{"class_name":"VarianceScaling","config":{"distribution":"uniform","scale":1,"seed":null,"mode":"fan_avg"}},"name":"conv1d_1","kernel_constraint":null,"bias_regularizer":null,"bias_constraint":null,"activation":"relu","trainable":true,"padding":"valid","strides":[1],"dilation_rate":[1],"kernel_regularizer":null,"filters":250,"bias_initializer":{"class_name":"Zeros","config":{}},"use_bias":true,"activity_regularizer":null,"kernel_size":[3]}},{"class_name":"GlobalMaxPooling1D","config":{"trainable":true,"name":"global_max_pooling1d_1"}},{"class_name":"Dense","config":{"kernel_initializer":{"class_name":"VarianceScaling","config":{"distribution":"uniform","scale":1,"seed":null,"mode":"fan_avg"}},"name":"dense_1","kernel_constraint":null,"bias_regularizer":null,"bias_constraint":null,"activation":"relu","trainable":true,"kernel_regularizer":null,"bias_initializer":{"class_name":"Zeros","config":{}},"units":250,"use_bias":true,"activity_regularizer":null}},{"class_name":"Dense","config":{"kernel_initializer":{"class_name":"VarianceScaling","config":{"distribution":"uniform","scale":1,"seed":null,"mode":"fan_avg"}},"name":"dense_2","kernel_constraint":null,"bias_regularizer":null,"bias_constraint":null,"activation":"sigmoid","trainable":true,"kernel_regularizer":null,"bias_initializer":{"class_name":"Zeros","config":{}},"units":1,"use_bias":true,"activity_regularizer":null}}]},"backend":"tensorflow"},"weightsManifest":[{"paths":["group1-shard1of1"],"weights":[{"dtype":"float32","shape":[3,128,250],"name":"conv1d_1/kernel"},{"dtype":"float32","shape":[250],"name":"conv1d_1/bias"}]},{"paths":["group2-shard1of1"],"weights":[{"dtype":"float32","shape":[250,250],"name":"dense_1/kernel"},{"dtype":"float32","shape":[250],"name":"dense_1/bias"}]},{"paths":["group3-shard1of1"],"weights":[{"dtype":"float32","shape":[250,1],"name":"dense_2/kernel"},{"dtype":"float32","shape":[1],"name":"dense_2/bias"}]},{"paths":["group4-shard1of3","group4-shard2of3","group4-shard3of3"],"weights":[{"dtype":"float32","shape":[20000,128],"name":"embedding_1/embeddings"}]}]}